id,batch,phase,category,complexity,goal,acceptance_criteria,scope_boundary,agent_instructions,constraints,context_files,touch_files,verification_cmds,dependencies,notes,created_date
Q-003,1,3,testing,M,Raise automated test coverage to the policy floor in pyproject.toml by adding edge-case tests for auth and tenancy.,1. make test passes with coverage at or above fail_under in pyproject.toml | 2. Auth edge-case tests added (expired/malformed JWT) | 3. Tenant middleware test added for malformed Bearer,,1) Run make test and confirm coverage ≥ fail_under in pyproject.toml. 2) Add auth edge-case tests (expired/malformed JWT wrong key invalid sub unknown user). 3) Add tenancy test for malformed Bearer when multi-tenancy enabled. 4) Follow prompts/queue_worker_executor.md — do not edit queue CSV.,,"pyproject.toml,apps/api/tests/conftest.py,apps/api/tests/test_auth.py,apps/api/tests/test_health.py,apps/api/tests/test_tenancy.py,apps/api/src/auth/service.py,skills/testing/pytest-conventions.md","apps/api/tests/test_auth.py,apps/api/tests/test_tenancy.py,apps/api/tests/test_health.py",make test,,qc-2026-04-16 | deps cleared: Q-002 archived done,2026-01-01
Q-100,template-upgrade-1,1,documentation,S,Repurpose docs/development/init-manifest-schema.md from describing the removed make init:from-idea orchestrator to describing the artifacts produced by skills/init/repo_initialize.md.,1. File no longer references make init:from-idea or skills/init/initialize-repo.md | 2. Body describes artifacts produced by repo_initialize (spec.md sections; queue rows; ADR) | 3. python scripts/check_docs_map.py passes,,,,"skills/init/repo_initialize.md,.cursor/rules/initialization.md",docs/development/init-manifest-schema.md,python scripts/check_docs_map.py,,follow-up: template-upgrade from devicelab init,2026-05-17
Q-101,template-upgrade-1,1,documentation,M,Replace pending-init stubs in docs/architecture/overview.md docs/architecture/bounded-contexts.md and docs/architecture/data-model.md with structured skeletons (mermaid frames; table headers) so the initializer fills cells instead of inventing structure.,1. Each file body has structured section headers and tables ready for the initializer to fill | 2. No references to make init:from-idea or skills/init/initialize-repo.md | 3. python scripts/check_docs_map.py passes,,,,"skills/init/repo_initialize.md,docs/architecture/overview.md,docs/architecture/bounded-contexts.md","docs/architecture/overview.md,docs/architecture/bounded-contexts.md,docs/architecture/data-model.md",python scripts/check_docs_map.py,,follow-up: template-upgrade from devicelab init,2026-05-17
Q-102,template-upgrade-1,1,documentation,M,Replace pending-init stubs in docs/architecture/auth.md docs/architecture/multi-tenancy.md and docs/architecture/async-workers.md with structured skeletons (access matrix; tenancy posture; worker queue map) so the initializer fills cells.,1. Each file body has structured section headers and tables ready for the initializer to fill | 2. No references to make init:from-idea or skills/init/initialize-repo.md | 3. python scripts/check_docs_map.py passes,,,,"skills/init/repo_initialize.md,docs/architecture/auth.md,docs/architecture/multi-tenancy.md","docs/architecture/auth.md,docs/architecture/multi-tenancy.md,docs/architecture/async-workers.md",python scripts/check_docs_map.py,,follow-up: template-upgrade from devicelab init,2026-05-17
Q-103,template-upgrade-1,1,documentation,M,Replace pending-init stubs in docs/architecture/ai-rag.md docs/architecture/billing.md and docs/architecture/mobile.md with structured skeletons; allow canonical not-applicable disposition when profile is off.,1. Each file body has structured section headers ready for the initializer to fill | 2. Canonical Not applicable - <reason>. stub wording documented inline | 3. python scripts/check_docs_map.py passes,,,,"skills/init/repo_initialize.md,docs/architecture/ai-rag.md,docs/architecture/billing.md","docs/architecture/ai-rag.md,docs/architecture/billing.md,docs/architecture/mobile.md",python scripts/check_docs_map.py,,follow-up: template-upgrade from devicelab init,2026-05-17
Q-104,template-upgrade-1,1,documentation,S,Replace pending-init stubs in docs/architecture/frontend.md and docs/api/versioning.md with structured skeletons that the initializer fills with product details.,1. Each file body has structured section headers ready for the initializer to fill | 2. No references to make init:from-idea or skills/init/initialize-repo.md | 3. python scripts/check_docs_map.py passes,,,,"skills/init/repo_initialize.md,docs/architecture/frontend.md","docs/architecture/frontend.md,docs/api/versioning.md",python scripts/check_docs_map.py,,follow-up: template-upgrade from devicelab init,2026-05-17
Q-105,template-upgrade-1,1,documentation,M,Replace pending-init stubs in docs/data/schema.md docs/data/migrations.md and docs/data/seeding.md with structured skeletons (entity table; alembic command table; seed fixture map).,1. Each file body has structured section headers and tables ready for the initializer to fill | 2. No references to make init:from-idea or skills/init/initialize-repo.md | 3. python scripts/check_docs_map.py passes,,,,"skills/init/repo_initialize.md,docs/data/schema.md,docs/data/migrations.md","docs/data/schema.md,docs/data/migrations.md,docs/data/seeding.md",python scripts/check_docs_map.py,,follow-up: template-upgrade from devicelab init,2026-05-17
Q-106,template-upgrade-1,1,documentation,S,Replace pending-init stubs in docs/security/threat-model.md and docs/security/overview.md with structured skeletons (top-threats table; accepted-risks table).,1. Each file body has structured section headers ready for the initializer to fill | 2. No references to make init:from-idea or skills/init/initialize-repo.md | 3. python scripts/check_docs_map.py passes,,,,"skills/init/repo_initialize.md,docs/security/threat-model.md","docs/security/threat-model.md,docs/security/overview.md",python scripts/check_docs_map.py,,follow-up: template-upgrade from devicelab init,2026-05-17
Q-107,template-upgrade-1,1,documentation,M,Replace pending-init stubs in docs/operations/deployment.md docs/operations/monitoring.md and docs/operations/runbooks/incident-response.md with structured skeletons (target table; metrics table; runbook checklist).,1. Each file body has structured section headers and tables ready for the initializer to fill | 2. No references to make init:from-idea or skills/init/initialize-repo.md | 3. python scripts/check_docs_map.py passes,,,,"skills/init/repo_initialize.md,docs/operations/deployment.md,docs/operations/monitoring.md","docs/operations/deployment.md,docs/operations/monitoring.md,docs/operations/runbooks/incident-response.md",python scripts/check_docs_map.py,,follow-up: template-upgrade from devicelab init,2026-05-17
Q-108,template-upgrade-1,1,documentation,S,Replace pending-init stubs in docs/operations/runbooks/rollback.md and docs/testing/coverage.md with structured skeletons (rollback checklist; coverage matrix by module).,1. Each file body has structured section headers ready for the initializer to fill | 2. No references to make init:from-idea or skills/init/initialize-repo.md | 3. python scripts/check_docs_map.py passes,,,,"skills/init/repo_initialize.md,docs/operations/runbooks/rollback.md","docs/operations/runbooks/rollback.md,docs/testing/coverage.md",python scripts/check_docs_map.py,,follow-up: template-upgrade from devicelab init,2026-05-17
Q-109,template-upgrade-1,1,documentation,M,Replace pending-init stubs in docs/testing/strategy.md docs/development/ci.md and docs/development/commands.md with structured skeletons (test pyramid; CI matrix; make-target catalog).,1. Each file body has structured section headers and tables ready for the initializer to fill | 2. No references to make init:from-idea or skills/init/initialize-repo.md | 3. python scripts/check_docs_map.py passes,,,,"skills/init/repo_initialize.md,docs/testing/strategy.md,docs/development/ci.md","docs/testing/strategy.md,docs/development/ci.md,docs/development/commands.md",python scripts/check_docs_map.py,,follow-up: template-upgrade from devicelab init,2026-05-17
Q-110,template-upgrade-1,2,devops,M,Add CI lint that fails on dead initialization references (make init:from-idea or skills/init/initialize-repo.md) in markdown under docs/ and ship as a GitHub Actions workflow.,1. python scripts/check_init_refs.py returns non-zero on offending strings | 2. GitHub Actions workflow runs the lint on every PR | 3. make docs-lint target exists and chains to the script,,,,"scripts/check_docs_map.py,.github/workflows/ci.yml","scripts/check_init_refs.py,.github/workflows/docs-lint.yml,Makefile",python scripts/check_init_refs.py,"Q-100,Q-101,Q-102,Q-103,Q-104,Q-105,Q-106,Q-107,Q-108,Q-109",follow-up: template-upgrade from devicelab init,2026-05-17
Q-111,template-upgrade-1,2,documentation,S,Rewrite skills/README.md and docs/procedures/README.md init sections to list current files (idea_author.md repo_initialize.md) and remove stale entries (idea-validator queue-seeder etc.).,1. skills/README.md Initialization section lists only files that exist on disk | 2. docs/procedures/README.md initialize-repo entry points to repo_initialize.md | 3. python scripts/check_docs_map.py passes,,,,"skills/README.md,docs/procedures/README.md","skills/README.md,docs/procedures/README.md",python scripts/check_docs_map.py,,follow-up: template-upgrade from devicelab init,2026-05-17
Q-112,template-upgrade-1,2,documentation,S,Sync queue/QUEUE_SYSTEM_REPLICATION_SPEC.md sample CSV schemas from the old 9-column format to the current 16-column schema documented in queue/QUEUE_INSTRUCTIONS.md.,1. Sample CSV schemas in QUEUE_SYSTEM_REPLICATION_SPEC.md match the 16-column header in QUEUE_INSTRUCTIONS.md | 2. python scripts/queue_validate.py passes on any sample referenced,,,,"queue/QUEUE_INSTRUCTIONS.md,queue/QUEUE_SYSTEM_REPLICATION_SPEC.md",queue/QUEUE_SYSTEM_REPLICATION_SPEC.md,python scripts/queue_validate.py,,follow-up: template-upgrade from devicelab init,2026-05-17
Q-113,template-upgrade-1,2,documentation,S,Rewrite docs/agents/initialization-guide.md (8.2) into a real guide describing the single-skill repo_initialize model; remove auto-generated stub language.,1. File documents the repo_initialize single-skill model | 2. No auto-generated stub language remains | 3. python scripts/check_docs_map.py passes,,,,"skills/init/repo_initialize.md,docs/agents/initialization-guide.md",docs/agents/initialization-guide.md,python scripts/check_docs_map.py,,follow-up: template-upgrade from devicelab init,2026-05-17
Q-114,template-upgrade-1,3,documentation,S,Ship docs/open-questions.md as empty scaffolding with frontmatter doc_id 18.3 and register the row in docs/DOCS_MAP.md so initializer outputs land in a known location.,1. docs/open-questions.md exists with frontmatter doc_id 18.3 | 2. docs/DOCS_MAP.md has the 18.3 row | 3. python scripts/check_docs_map.py passes,,,,"skills/init/repo_initialize.md,docs/DOCS_MAP.md","docs/open-questions.md,docs/DOCS_MAP.md",python scripts/check_docs_map.py,,follow-up: template-upgrade from devicelab init,2026-05-17
Q-115,template-upgrade-1,3,documentation,M,Add docs/research/ scaffolding part 1: README.md (folder map) SOURCES.md (empty bibliography with [Snnn] convention) and open_ended_question.md (empty decision table) for pre-init research.,1. README.md describes the research workspace layout | 2. SOURCES.md has the [Snnn] convention header | 3. open_ended_question.md has the decision-table header,,,,skills/init/repo_initialize.md,"docs/research/README.md,docs/research/SOURCES.md,docs/research/open_ended_question.md",,,follow-up: template-upgrade from devicelab init,2026-05-17
Q-116,template-upgrade-1,3,documentation,M,Add docs/research/ scaffolding part 2: queries/queries-results.md (search-log table header) external/README.md (link-don't-mirror policy) and reference/README.md (upstream registry pointer).,1. queries/queries-results.md has search-log header | 2. external/README.md states link-dont-mirror policy | 3. reference/README.md points to EXTERNAL_REFERENCE.md,,,,skills/init/repo_initialize.md,"docs/research/queries/queries-results.md,docs/research/external/README.md,docs/research/reference/README.md",,Q-115,follow-up: template-upgrade from devicelab init,2026-05-17
Q-117,template-upgrade-1,3,documentation,S,Add docs/research/reference/EXTERNAL_REFERENCE.md skeleton with Part A (registry) and Part B (skim digest) sections and a docs/research/notes/ placeholder.,1. EXTERNAL_REFERENCE.md skeleton has Part A registry and Part B digest sections | 2. notes/.gitkeep placeholder exists | 3. python scripts/check_docs_map.py passes,,,,docs/research/reference/README.md,"docs/research/reference/EXTERNAL_REFERENCE.md,docs/research/notes/.gitkeep",python scripts/check_docs_map.py,Q-116,follow-up: template-upgrade from devicelab init,2026-05-17
Q-118,template-upgrade-1,3,documentation,S,Register research workspace doc_ids (Section 23.x) in docs/DOCS_MAP.md so research artifacts are discoverable by the docs-map check.,1. Section 23 added to docs/DOCS_MAP.md with rows for every file shipped in Q-115 Q-116 Q-117 | 2. python scripts/check_docs_map.py passes | 3. No duplicate doc_ids,,,,"docs/research/README.md,docs/research/SOURCES.md",docs/DOCS_MAP.md,python scripts/check_docs_map.py,"Q-115,Q-116,Q-117",follow-up: template-upgrade from devicelab init,2026-05-17
Q-119,template-upgrade-1,3,documentation,S,Add skills/init/idea_research.md skill that codifies the discovery pipeline (when to invoke; where to write findings; escalation rules) and list it in skills/README.md.,1. skills/init/idea_research.md exists with when-to-invoke and write-targets | 2. skills/README.md lists it under Initialization | 3. python scripts/check_docs_map.py passes,,,,"skills/init/repo_initialize.md,skills/init/idea_author.md,skills/README.md","skills/init/idea_research.md,skills/README.md",python scripts/check_docs_map.py,"Q-111,Q-115,Q-116",follow-up: template-upgrade from devicelab init,2026-05-17
Q-120,template-upgrade-1,3,documentation,S,Update skills/init/repo_initialize.md to add a Phase 6 step that writes system name mission archetype profiles and bounded contexts into AGENTS.md and docs/project-state.md placeholders from idea.md.,1. Phase 6 section added to skills/init/repo_initialize.md describing AGENTS.md and project-state.md mission write | 2. Idea-to-field mapping documented | 3. Skill markdown validates,,,,"AGENTS.md,docs/project-state.md,idea.md",skills/init/repo_initialize.md,python scripts/check_docs_map.py,,follow-up: template-upgrade from devicelab init,2026-05-17
Q-121,template-upgrade-1,3,testing,S,Add audit check in scripts/repo_self_audit.py that fails when AGENTS.md mission block or docs/project-state.md still contains the placeholder _populate during initialization_ token.,1. Audit check fails when AGENTS.md mission block contains the placeholder | 2. Audit check fails when docs/project-state.md still has placeholder | 3. python scripts/repo_self_audit.py exits non-zero on failures,,,,"AGENTS.md,docs/project-state.md,scripts/repo_self_audit.py","scripts/repo_self_audit.py,Makefile",python scripts/repo_self_audit.py,Q-120,follow-up: template-upgrade from devicelab init,2026-05-17
Q-122,template-upgrade-1,4,infrastructure,M,Add scripts/docs_mark_na.py helper that rewrites a doc to a canonical Not applicable - <reason>. stub with frontmatter status current and reference it from the repo_initialize skill conditional-doc step.,1. scripts/docs_mark_na.py rewrites a doc body to canonical Not applicable stub | 2. Frontmatter status flips to current | 3. skill references the helper as the conditional-doc handler,,,,"skills/init/repo_initialize.md,scripts/README.md","scripts/docs_mark_na.py,scripts/README.md,skills/init/repo_initialize.md",,,follow-up: template-upgrade from devicelab init,2026-05-17
Q-123,template-upgrade-1,4,documentation,M,Add docs/adr/0002-product-defaults.template.md (status Proposed) as a copyable scaffold for the first product ADR; reserve doc_id 7.4 in docs/DOCS_MAP.md and update docs/adr/README.md.,1. ADR-0002 template file exists with Proposed status | 2. docs/DOCS_MAP.md reserves doc_id 7.4 | 3. docs/adr/README.md links the template entry,,,,"docs/adr/template.md,docs/adr/0001-initial-template-architecture.md,docs/adr/README.md","docs/adr/0002-product-defaults.template.md,docs/DOCS_MAP.md,docs/adr/README.md",python scripts/check_docs_map.py,,follow-up: template-upgrade from devicelab init,2026-05-17
Q-124,template-upgrade-1,4,infrastructure,M,Add scripts/queue_seed.py CLI that reads idea.md MVP bullets and emits dependency-ordered well-formed 16-column CSV rows; document expected idea.md structure in docs/queue/seed-from-idea.md.,1. scripts/queue_seed.py emits dependency-ordered CSV from idea.md MVP bullets | 2. Output passes python scripts/queue_validate.py | 3. docs/queue/seed-from-idea.md explains the expected idea.md structure,,,,"idea.md,queue/QUEUE_INSTRUCTIONS.md,dev_mcp/queue_ops/__init__.py","scripts/queue_seed.py,docs/queue/seed-from-idea.md,scripts/README.md",python scripts/queue_validate.py,,follow-up: template-upgrade from devicelab init,2026-05-17
Q-125,template-upgrade-1,4,infrastructure,S,Add dev_mcp queue.draft_row helper that returns a well-formed 16-column CSV row from JSON inputs so agents never type CSV cells by hand; cover with a unit test.,1. dev_mcp queue.draft_row returns a well-formed 16-column row from JSON inputs | 2. Unit test covers empty fields and multi-value fields | 3. Existing make queue:validate still passes,,,,"dev_mcp/queue_ops/__init__.py,queue/QUEUE_INSTRUCTIONS.md","dev_mcp/queue_ops/__init__.py,tests/test_queue_ops.py",python scripts/queue_validate.py,,follow-up: template-upgrade from devicelab init,2026-05-17
Q-126,template-upgrade-1,4,infrastructure,M,Add scripts/docs_check.py (pure-Python link checker) and update scripts/docs-check.sh to shell out to it so docs:check works identically on Windows and Unix.,1. scripts/docs_check.py validates markdown links | 2. scripts/docs-check.sh delegates to the Python script | 3. make docs:check runs identically on Windows and Unix,,,,"scripts/docs-check.sh,Makefile","scripts/docs_check.py,scripts/docs-check.sh,Makefile",python scripts/docs_check.py,,follow-up: template-upgrade from devicelab init,2026-05-17
Q-127,template-upgrade-1,4,infrastructure,M,Add make.ps1 PowerShell shim mapping top Make targets (lint fmt test queue:validate docs:check queue:top-item queue:peek) to underlying Python scripts and document the Windows workflow.,1. make.ps1 maps the listed targets to underlying Python scripts | 2. Windows developer doc exists | 3. python scripts/queue_top_item.py runs from make.ps1 wrapper,,,,"Makefile,scripts/queue_top_item.py,scripts/queue_validate.py","make.ps1,docs/development/windows-developer.md,scripts/README.md",,,follow-up: template-upgrade from devicelab init,2026-05-17
Q-128,template-upgrade-1,4,documentation,S,Pre-create §18 Initialized product section (populated by repo_initialize) placeholder in spec/spec.md with empty 18.1-18.8 subsections plus the provenance-comment idiom and register sub-ids in docs/DOCS_MAP.md.,1. spec/spec.md §18 placeholder exists with 18.1 through 18.8 empty subsections | 2. Provenance-comment idiom is shown inline | 3. docs/DOCS_MAP.md registers the new sub-ids,,,,"spec/spec.md,docs/DOCS_MAP.md","spec/spec.md,docs/DOCS_MAP.md",python scripts/check_docs_map.py,,follow-up: template-upgrade from devicelab init,2026-05-17
Q-129,template-upgrade-1,4,infrastructure,S,Add scripts/check_provenance.py that warns when spec.md §18 subsections lack the derived-from idea.md provenance comment; wire to make docs:check.,1. scripts/check_provenance.py warns when §18 subsections lack provenance comments | 2. make docs:check chains to the new script | 3. Script exits zero on the current spec,,,,"spec/spec.md,Makefile","scripts/check_provenance.py,Makefile",python scripts/check_provenance.py,Q-128,follow-up: template-upgrade from devicelab init,2026-05-17
Q-130,template-upgrade-1,5,documentation,S,Rename idea.md §4 from MVP scope to Initial shippable scope (vN); add MVP-vs-end-state guidance plus a target_release field at the top so repo_initialize knows how aggressively to seed queue rows.,1. idea.md §4 renamed to Initial shippable scope (vN) | 2. target_release field added at top of idea.md | 3. MVP vs end-state guidance section explains the difference,,,,"idea.md,skills/init/idea_author.md",idea.md,,,follow-up: template-upgrade from devicelab init,2026-05-17
Q-131,template-upgrade-1,5,devops,S,Add CI job that runs python skills/repo-governance/docs-generator.py --mode check on every PR so generated-doc drift is caught; document the baseline-regeneration command for developers.,1. CI workflow runs docs-generator --mode check on every PR | 2. Generator drift fails the workflow | 3. Baseline-regeneration command documented in developer docs,,,,"skills/repo-governance/docs-generator.py,.github/workflows/ci.yml",".github/workflows/docs-lint.yml,docs/development/commands.md",,,follow-up: template-upgrade from devicelab init,2026-05-17
Q-132,template-upgrade-1,5,infrastructure,M,Add scripts/rename-from-template.py that swaps README AGENTS.md mission block spec/spec.md project name and pyproject.toml from template to a product name in one command for new repos.,1. scripts/rename-from-template.py swaps README AGENTS.md mission and spec/spec.md tokens | 2. pyproject.toml project name updates | 3. Documented as the day-1 step for new repos,,,,"README.md,AGENTS.md,spec/spec.md","scripts/rename-from-template.py,scripts/README.md,docs/development/quickstart.md",,,follow-up: template-upgrade from devicelab init,2026-05-17
Q-133,template-upgrade-1,5,documentation,S,Add product-init category to docs/queue/queue-categories.md (for initialization-derived rows) and document in queue/QUEUE_INSTRUCTIONS.md so reviewers can identify init-derived from feature work.,1. product-init category added to docs/queue/queue-categories.md | 2. queue/QUEUE_INSTRUCTIONS.md describes when to use it | 3. python scripts/queue_validate.py accepts the new category,,,,"docs/queue/queue-categories.md,queue/QUEUE_INSTRUCTIONS.md","docs/queue/queue-categories.md,queue/QUEUE_INSTRUCTIONS.md",python scripts/queue_validate.py,,follow-up: template-upgrade from devicelab init,2026-05-17
Q-134,template-upgrade-1,5,infrastructure,S,Add scripts/docs_map_add.py helper that inserts a docs/DOCS_MAP.md row at the correct section prevents duplicate IDs and validates the result via check_docs_map.,1. scripts/docs_map_add.py inserts a DOCS_MAP row at the correct section | 2. Duplicate IDs are rejected | 3. python scripts/check_docs_map.py passes on output,,,,"docs/DOCS_MAP.md,scripts/check_docs_map.py","scripts/docs_map_add.py,scripts/README.md",python scripts/check_docs_map.py,,follow-up: template-upgrade from devicelab init,2026-05-17
Q-135,template-upgrade-1,5,documentation,S,Add docs/agents/initialization-glossary.md (reserved doc_id 8.7) with shared terms used by idea_author and repo_initialize so authors do not flip between skills to align vocabulary.,1. docs/agents/initialization-glossary.md exists with shared terms | 2. docs/DOCS_MAP.md has the 8.7 row | 3. python scripts/check_docs_map.py passes,,,,"skills/init/idea_author.md,skills/init/repo_initialize.md","docs/agents/initialization-glossary.md,docs/DOCS_MAP.md",python scripts/check_docs_map.py,,follow-up: template-upgrade from devicelab init,2026-05-17
Q-136,template-upgrade-1,5,infrastructure,M,Add dev_mcp/init_ops/ module exposing MCP tools (init_doc_status init_seed_queue init_set_mission) and wire into .cursor/mcp.json so initialization agents have first-class MCP affordances.,1. dev_mcp/init_ops/ exposes init_doc_status init_seed_queue and init_set_mission | 2. .cursor/mcp.json wires the new tools | 3. Unit test confirms the tool registration,,,,"dev_mcp/queue_ops/__init__.py,.cursor/mcp.json,skills/init/repo_initialize.md","dev_mcp/init_ops/__init__.py,.cursor/mcp.json,tests/test_init_ops.py",,Q-120,follow-up: template-upgrade from devicelab init,2026-05-17
Q-137,template-upgrade-1,5,documentation,S,Add Windows note in AGENTS.md §3 step 5 explaining python scripts/queue_top_item.py as a fallback when make is unavailable and cross-reference make.ps1 if Q-127 has landed.,1. AGENTS.md §3 step 5 includes a Windows fallback note | 2. Cross-reference to make.ps1 (if landed) is correct | 3. python scripts/check_docs_map.py passes,,,,"AGENTS.md,scripts/queue_top_item.py",AGENTS.md,python scripts/check_docs_map.py,,follow-up: template-upgrade from devicelab init,2026-05-17
Q-138,template-upgrade-1,5,documentation,S,Update docs/adr/README.md narrative claiming the template ships with one ADR once Q-123 lands the ADR-0002 product-defaults template.,1. docs/adr/README.md narrative reflects the new ADR-0002 template | 2. No outdated one-ADR phrasing remains | 3. python scripts/check_docs_map.py passes,,,,"docs/adr/README.md,docs/adr/0002-product-defaults.template.md",docs/adr/README.md,python scripts/check_docs_map.py,Q-123,follow-up: template-upgrade from devicelab init,2026-05-17
Q-200,template-upgrade-2,1,infrastructure,M,Add scripts/idea_lint.py to validate idea.md completeness and contradiction checks before initialization starts.,1. scripts/idea_lint.py fails on missing required sections and malformed tables | 2. make or python command for idea lint is documented | 3. skills/init/idea_author.md references idea lint as a pre-step,,,,"idea.md,skills/init/idea_author.md,skills/init/repo_initialize.md","scripts/idea_lint.py,skills/init/idea_author.md,scripts/README.md",python scripts/idea_lint.py --help,,follow-up: template-upgrade wave2 high-leverage improvements,2026-05-17
Q-201,template-upgrade-2,1,infrastructure,M,"Add scripts/idea_estimate.py that projects queue row count, rough complexity mix, and implementation effort from idea.md to catch unrealistic scopes early.",1. scripts/idea_estimate.py outputs estimated row count and complexity distribution | 2. Output references idea sections used for estimation | 3. Usage is documented in docs/development/commands.md,,,,"idea.md,queue/QUEUE_INSTRUCTIONS.md,docs/development/commands.md","scripts/idea_estimate.py,docs/development/commands.md,scripts/README.md",python scripts/idea_estimate.py --help,Q-200,follow-up: template-upgrade wave2 high-leverage improvements,2026-05-17
Q-202,template-upgrade-2,1,documentation,S,Create docs/procedures/day-1-from-template.md describing clone->rename->idea->initialize->queue workflow for new projects.,1. Procedure exists with ordered steps and commands | 2. Includes Windows and Unix command variants | 3. docs map check passes,,,,"README.md,docs/procedures/initialize-repo.md","docs/procedures/day-1-from-template.md,docs/DOCS_MAP.md",python scripts/check_docs_map.py,Q-200,follow-up: template-upgrade wave2 high-leverage improvements,2026-05-17
Q-203,template-upgrade-2,1,documentation,M,"Add an archetype catalog for initialization with at least three initial archetypes (full-stack, cli-tool, mcp-server) and when-to-use guidance.",1. skills/init/archetypes/README.md defines supported archetypes and triggers | 2. Three archetype definition files exist with scope boundaries | 3. skills/init/repo_initialize.md links to the catalog,,,,"skills/init/repo_initialize.md,skills/init/README.md,README.md","skills/init/archetypes/README.md,skills/init/archetypes/full-stack-modular-monolith.md,skills/init/archetypes/cli-tool.md",python scripts/check_docs_map.py,Q-202,follow-up: template-upgrade wave2 high-leverage improvements,2026-05-17
Q-204,template-upgrade-2,1,documentation,S,Add the initial mcp-server archetype definition and cross-link it from the archetype catalog.,1. mcp-server archetype file exists | 2. README catalog includes mcp-server entry | 3. Archetype includes acceptance and out-of-scope guidance,,,,"skills/init/archetypes/README.md,skills/init/repo_initialize.md","skills/init/archetypes/mcp-server.md,skills/init/archetypes/README.md",python scripts/check_docs_map.py,Q-203,follow-up: template-upgrade wave2 high-leverage improvements,2026-05-17
Q-205,template-upgrade-2,2,testing,M,Add a template self-initialization CI check that runs repo initialization from a fixture idea and verifies queue/docs audits pass.,1. CI workflow job provisions a temp repo copy and runs initialization pipeline | 2. queue/docs/self-audit checks run in the job | 3. Job output includes clear failure reasons for init regressions,,,,".github/workflows/ci.yml,skills/init/repo_initialize.md,scripts/repo_self_audit.py",".github/workflows/ci.yml,scripts/repo_self_audit.py,docs/development/ci.md",python scripts/repo_self_audit.py,"Q-200,Q-203,Q-204",follow-up: template-upgrade wave2 high-leverage improvements,2026-05-17
Q-206,template-upgrade-2,2,infrastructure,M,Add explicit template versioning and an upgrade helper to simplify pulling template improvements into derived repositories.,1. Root template version marker file exists | 2. scripts/template_upgrade.py provides dry-run diff summary | 3. README references versioning and upgrade path,,,,"README.md,CHANGELOG.md,scripts/README.md","TEMPLATE_VERSION,scripts/template_upgrade.py,README.md",python scripts/template_upgrade.py --help,Q-202,follow-up: template-upgrade wave2 high-leverage improvements,2026-05-17
Q-207,template-upgrade-2,2,infrastructure,S,Add scripts/queue_preflight.py to validate active row context_files/touch_files/dependencies before execution.,1. queue_preflight checks file existence and dependency archive status | 2. Script exits non-zero on invalid row metadata | 3. queue instructions mention preflight step,,,,"queue/queue.csv,queue/queuearchive.csv,queue/QUEUE_INSTRUCTIONS.md","scripts/queue_preflight.py,queue/QUEUE_INSTRUCTIONS.md",python scripts/queue_preflight.py --help,Q-205,follow-up: template-upgrade wave2 high-leverage improvements,2026-05-17
Q-208,template-upgrade-2,2,infrastructure,S,Add scripts/queue_budget.py to estimate context token load from a row and warn when context_files are too large.,1. Script reports estimated token size from context files | 2. Warn threshold is configurable flag | 3. Usage documented in queue instructions,,,,"queue/queue.csv,queue/QUEUE_INSTRUCTIONS.md,skills/init/repo_initialize.md","scripts/queue_budget.py,queue/QUEUE_INSTRUCTIONS.md",python scripts/queue_budget.py --help,Q-207,follow-up: template-upgrade wave2 high-leverage improvements,2026-05-17
Q-209,template-upgrade-2,2,infrastructure,S,Add scripts/queue_graph.py to render queue dependency graph in Mermaid for planning and bottleneck review.,1. Script outputs Mermaid graph from queue.csv + queuearchive.csv | 2. Human-ops rows are visually distinguished | 3. Command usage documented,,,,"queue/queue.csv,queue/queuearchive.csv,queue/QUEUE_INSTRUCTIONS.md","scripts/queue_graph.py,scripts/README.md",python scripts/queue_graph.py --help,Q-207,follow-up: template-upgrade wave2 high-leverage improvements,2026-05-17
Q-210,template-upgrade-2,3,documentation,M,Document and scaffold optional multi-lane queue mode (lane column + selection policy) without enabling it by default.,1. RFC doc defines lane semantics and conflict rules | 2. Queue instructions include optional lane mode section | 3. Validator behavior for legacy queues remains unchanged,,,,"queue/QUEUE_INSTRUCTIONS.md,queue/QUEUE_SYSTEM_REPLICATION_SPEC.md,AGENTS.md","docs/queue/multi-lane-mode.md,queue/QUEUE_INSTRUCTIONS.md,docs/DOCS_MAP.md",python scripts/check_docs_map.py,Q-209,follow-up: template-upgrade wave2 high-leverage improvements,2026-05-17
Q-211,template-upgrade-2,3,devops,M,Add a touch-file scope enforcement hook for queue work to block commits that modify paths outside active row touch_files.,1. Hook script compares git diff paths against active row touch_files | 2. Hook can be enabled via documented setup command | 3. Docs include override procedure for human-approved exceptions,,,,"queue/QUEUE_INSTRUCTIONS.md,scripts/profiles/README.md,AGENTS.md","scripts/hooks/enforce_queue_touch_files.py,docs/procedures/install-hooks.md,queue/QUEUE_INSTRUCTIONS.md",python scripts/hooks/enforce_queue_touch_files.py --help,"Q-207,Q-210",follow-up: template-upgrade wave2 high-leverage improvements,2026-05-17
Q-212,template-upgrade-3,1,documentation,M,"Add example filled-out idea.md files for two canonical archetypes (saas-crud, internal-tool) under docs/examples/idea-md/ to give new template users concrete reference instead of inventing structure.",1. docs/examples/idea-md/saas-crud.md fills every idea.md section with realistic example content | 2. docs/examples/idea-md/internal-tool.md does the same for an internal admin tool | 3. docs/DOCS_MAP.md registers both with new doc_ids,,,,"idea.md,skills/init/idea_author.md,docs/DOCS_MAP.md","docs/examples/idea-md/saas-crud.md,docs/examples/idea-md/internal-tool.md,docs/DOCS_MAP.md",python scripts/check_docs_map.py,,follow-up: template-upgrade wave3 reusability improvements,2026-05-17
Q-213,template-upgrade-3,1,documentation,S,Add example mcp-server idea.md and cross-link the docs/examples/idea-md/ catalog from skills/init/idea_author.md so authors discover examples before drafting.,1. docs/examples/idea-md/mcp-server.md exists with realistic example | 2. skills/init/idea_author.md links docs/examples/idea-md/ catalog | 3. python scripts/check_docs_map.py passes,,,,"docs/examples/idea-md/saas-crud.md,skills/init/idea_author.md","docs/examples/idea-md/mcp-server.md,skills/init/idea_author.md",python scripts/check_docs_map.py,Q-212,follow-up: template-upgrade wave3 reusability improvements,2026-05-17
Q-214,template-upgrade-3,1,devops,M,Add a pre-commit hooks bundle (.pre-commit-config.yaml) and one-command installer so every clone gets ruff/lint/queue-validate/secret-scan hooks without manual setup.,"1. .pre-commit-config.yaml runs ruff, queue:validate, secret:scan, and rules-check | 2. scripts/install-hooks.sh installs hooks via pip and pre-commit install | 3. Makefile target hooks:install delegates to the script",,,,"scripts/lint.sh,scripts/queue-validate.sh,.github/workflows/ci.yml",".pre-commit-config.yaml,scripts/install-hooks.sh,Makefile",pre-commit run --all-files,,follow-up: template-upgrade wave3 reusability improvements,2026-05-17
Q-215,template-upgrade-3,1,devops,S,Add commitlint config + git hook to enforce Conventional Commits per global.md so every commit subject is validated locally and in CI.,1. commitlint.config.js enforces feat/fix/docs/etc allowed types | 2. Makefile target commit:lint runs commitlint on the latest commit | 3. .pre-commit-config.yaml or .husky entry blocks non-conventional commits,,,,".cursor/rules/global.md,.pre-commit-config.yaml","commitlint.config.js,Makefile",npx commitlint --from HEAD~1,Q-214,follow-up: template-upgrade wave3 reusability improvements,2026-05-17
Q-216,template-upgrade-3,1,infrastructure,M,Add .devcontainer/ config (devcontainer.json + Dockerfile) so VS Code and Codespaces give developers and agents a fully-provisioned env (Python 3.12 + Bun + uv + Docker) on first open.,1. .devcontainer/devcontainer.json sets postCreateCommand to install backend and frontend deps | 2. .devcontainer/Dockerfile bakes Python 3.12 + Bun + uv + Make + Docker CLI | 3. docs/development/local-setup.md references the devcontainer path,,,,"docs/getting-started/prerequisites.md,docs/development/local-setup.md,README.md",".devcontainer/devcontainer.json,.devcontainer/Dockerfile,docs/development/local-setup.md",,,follow-up: template-upgrade wave3 reusability improvements,2026-05-17
Q-217,template-upgrade-3,1,infrastructure,S,"Add scripts/template_token_sweep.py that scans the repo for residual 'template' tokens (project name, container names, Sentry DSN keys, namespace) and emits a swap-plan report extending Q-132's narrow rename helper.","1. scripts/template_token_sweep.py prints every match with file:line and suggests replacement using a project_name CLI arg | 2. Detects tokens in .env.example, compose.yml, README, AGENTS.md, pyproject.toml, package.json | 3. scripts/README.md documents usage",,,,"scripts/rename-from-template.py,README.md,.env.example","scripts/template_token_sweep.py,scripts/README.md",python scripts/template_token_sweep.py --help,Q-132,follow-up: template-upgrade wave3 reusability improvements,2026-05-17
Q-218,template-upgrade-3,1,devops,S,"Add make deps:upgrade target backed by scripts/deps-upgrade.sh that wraps prompts/dependency_upgrade_agent.md with safety checks (lockfile diff, pip-audit, bun audit) so dependency bumps are a single command.",1. make deps:upgrade runs uv lock --upgrade and bun update with diff summary | 2. Script aborts when pip-audit reports new HIGH or CRITICAL CVEs | 3. Makefile help describes target,,,,"prompts/dependency_upgrade_agent.md,Makefile","scripts/deps-upgrade.sh,Makefile",make deps:upgrade -n,,follow-up: template-upgrade wave3 reusability improvements,2026-05-17
Q-219,template-upgrade-3,2,infrastructure,M,Add scripts/init_dry_run.py that runs skills/init/repo_initialize.md in plan-only mode emitting a manifest of intended writes (no file changes) so developers can review before committing tokens to a full init pass.,1. scripts/init_dry_run.py emits docs/init-dry-run-plan.md with each phase intended outputs | 2. No files outside the plan output are modified | 3. skills/init/repo_initialize.md references dry-run as the recommended first invocation,,,,"idea.md,skills/init/repo_initialize.md,scripts/repo_self_audit.py","scripts/init_dry_run.py,skills/init/repo_initialize.md,scripts/README.md",python scripts/init_dry_run.py --help,,follow-up: template-upgrade wave3 reusability improvements,2026-05-17
Q-220,template-upgrade-3,2,infrastructure,M,Add scripts/init_resume.py that re-runs only specified phases of repo_initialize (--phase queue|docs|adr) so iterating after idea.md edits does not re-author every doc.,1. scripts/init_resume.py supports --phase queue|docs|spec|adr flags | 2. Script reads a checkpoint file written by init_dry_run.py to skip completed phases | 3. skills/init/repo_initialize.md documents resume semantics,,,,"skills/init/repo_initialize.md,scripts/init_dry_run.py","scripts/init_resume.py,skills/init/repo_initialize.md,scripts/README.md",python scripts/init_resume.py --help,Q-219,follow-up: template-upgrade wave3 reusability improvements,2026-05-17
Q-221,template-upgrade-3,2,documentation,M,"Add MVP queue row templates per archetype under skills/init/archetypes/queue-templates/ (full-stack-modular-monolith, cli-tool, mcp-server) so repo_initialize copies-and-adapts canonical row patterns instead of authoring from scratch.","1. Three template files exist with archetype-specific MVP row patterns (auth setup, primary entity CRUD, smoke test) | 2. skills/init/repo_initialize.md Phase 4 references the templates | 3. Each template uses placeholder tokens marked <PRODUCT_NAME> and <PRIMARY_ENTITY>",,,,"skills/init/archetypes/README.md,skills/init/repo_initialize.md,queue/QUEUE_INSTRUCTIONS.md","skills/init/archetypes/queue-templates/full-stack-modular-monolith.md,skills/init/archetypes/queue-templates/cli-tool.md,skills/init/archetypes/queue-templates/mcp-server.md",,"Q-203,Q-204",follow-up: template-upgrade wave3 reusability improvements,2026-05-17
Q-222,template-upgrade-3,2,infrastructure,S,Add scripts/queue_search.py for keyword/file/category search across queue.csv and queuearchive.csv so agents can find existing rows touching a given file before adding duplicates.,"1. scripts/queue_search.py supports --keyword, --file, and --category flags | 2. Output includes id, status, batch, and goal preview | 3. Makefile target queue:search delegates with QUERY= var",,,,"queue/queue.csv,queue/queuearchive.csv,queue/QUEUE_INSTRUCTIONS.md","scripts/queue_search.py,Makefile",python scripts/queue_search.py --help,,follow-up: template-upgrade wave3 reusability improvements,2026-05-17
Q-223,template-upgrade-3,2,infrastructure,S,Add scripts/queue_split.py that decomposes an over-budget L row into ordered Q-NNNa/Q-NNNb sub-rows (with proper dependencies) per QUEUE_INSTRUCTIONS.md Granularity Rules.,1. scripts/queue_split.py takes a parent description and emits sub-row CSV stubs | 2. Sub-rows use lettered suffix and chain dependencies | 3. docs/procedures/queue-decomposition.md links the helper,,,,"queue/QUEUE_INSTRUCTIONS.md,docs/procedures/queue-decomposition.md","scripts/queue_split.py,docs/procedures/queue-decomposition.md",python scripts/queue_split.py --help,,follow-up: template-upgrade wave3 reusability improvements,2026-05-17
Q-224,template-upgrade-3,2,infrastructure,S,Add dev_mcp queue_search MCP tool that exposes scripts/queue_search.py via the dev MCP server so agents can find existing rows without leaving the chat surface.,1. dev_mcp/server.py registers a queue_search tool accepting keyword/file/category args | 2. dev_mcp/queue_ops/__init__.py exports the search helper | 3. Existing make queue:validate still passes,,,,"dev_mcp/server.py,dev_mcp/queue_ops/__init__.py,scripts/queue_search.py","dev_mcp/server.py,dev_mcp/queue_ops/__init__.py",,Q-222,follow-up: template-upgrade wave3 reusability improvements,2026-05-17
Q-225,template-upgrade-3,2,infrastructure,S,"Add dev_mcp run_validation MCP tool that runs lint, typecheck, test, queue:validate and docs:check in one call and returns a pass/fail summary with last 5 lines of each.","1. dev_mcp/server.py exposes run_validation tool | 2. Output is a structured summary (target, exit_code, tail) | 3. Tool respects the existing run_make_target timeout convention",,,,"dev_mcp/server.py,Makefile",dev_mcp/server.py,,Q-224,follow-up: template-upgrade wave3 reusability improvements,2026-05-17
Q-226,template-upgrade-3,3,infrastructure,S,"Replace scripts/project-health.sh placeholder with a pure-Python aggregator that reports queue depth, audit status, last commit, branch list, and CI status with Windows + Unix parity.",1. scripts/repo_health.py prints queue/audit/git/CI in one report | 2. scripts/project-health.sh delegates to the Python script | 3. make project:health works identically on Windows and Unix,,,,"scripts/project-health.sh,scripts/audit-self.sh,scripts/queue_validate.py","scripts/repo_health.py,scripts/project-health.sh",python scripts/repo_health.py,,follow-up: template-upgrade wave3 reusability improvements,2026-05-17
Q-227,template-upgrade-3,3,devops,S,"Add scripts/branch_hygiene.py to list stale branches, branches without upstream, and branches diverged from main with cleanup suggestions so post-merge feature branches do not pile up.",1. scripts/branch_hygiene.py reports stale/unupstreamed/diverged branches | 2. --suggest-cleanup flag prints exact git commands to delete safely | 3. scripts/README.md documents usage,,,,"AGENTS.md,scripts/README.md","scripts/branch_hygiene.py,scripts/README.md",python scripts/branch_hygiene.py --help,,follow-up: template-upgrade wave3 reusability improvements,2026-05-17
Q-228,template-upgrade-3,3,testing,M,Add scripts/idea_spec_round_trip.py that verifies bidirectional provenance: every idea.md section maps to a spec.md anchor and every spec.md claim has an idea.md provenance comment.,1. scripts/idea_spec_round_trip.py exits non-zero on missing or orphaned sections | 2. Makefile target idea:spec-check runs the script | 3. docs/development/commands.md documents the command,,,,"idea.md,spec/spec.md,scripts/check_provenance.py","scripts/idea_spec_round_trip.py,Makefile,docs/development/commands.md",python scripts/idea_spec_round_trip.py --help,Q-129,follow-up: template-upgrade wave3 reusability improvements,2026-05-17
Q-229,template-upgrade-3,3,documentation,S,"Add skills/agent-ops/template-anti-patterns.md that catalogs common AI mistakes specific to this template (touching apps/api/app during init, editing queue.csv as executor, hallucinating file paths) so new agents avoid them on first contact.",1. skills/agent-ops/template-anti-patterns.md lists at least 8 documented mistakes with how-to-avoid | 2. skills/README.md indexes the new skill under agent-ops | 3. Skill markdown validates against scripts/repo_self_audit.py,,,,"AGENTS.md,.cursor/rules/global.md,skills/agent-ops/queue-triage.md","skills/agent-ops/template-anti-patterns.md,skills/README.md",python scripts/repo_self_audit.py,Q-111,follow-up: template-upgrade wave3 reusability improvements,2026-05-17
Q-230,template-upgrade-3,3,infrastructure,S,"Add scripts/generate_secrets.py that produces cryptographically random values for SECRET_KEY, POSTGRES_PASSWORD, and FIRST_SUPERUSER_PASSWORD and writes them to .env when missing so dev secrets are never committed.",1. scripts/generate_secrets.py generates 32-byte secrets via secrets.token_urlsafe | 2. Script never overwrites existing values without --force | 3. .env.example references the script as the day-1 step,,,,".env.example,apps/api/app/core/config.py","scripts/generate_secrets.py,.env.example",python scripts/generate_secrets.py --dry-run,,follow-up: template-upgrade wave3 reusability improvements,2026-05-17
Q-231,template-upgrade-3,4,security,M,"Add baseline rate-limit middleware at apps/api/app/middleware/rate_limit.py wired into apps/api/app/main.py with env-toggleable thresholds (RATE_LIMIT_ANON, RATE_LIMIT_AUTH) so every derived product has rate limiting on by default.",1. apps/api/app/middleware/rate_limit.py implements per-IP token bucket using starlette middleware | 2. apps/api/app/main.py registers the middleware behind a feature flag | 3. apps/api/app/core/config.py exposes RATE_LIMIT_* settings,,,,"apps/api/app/main.py,apps/api/app/core/config.py,skills/backend/rate-limiting.md","apps/api/app/middleware/rate_limit.py,apps/api/app/main.py,apps/api/app/core/config.py",make test,,follow-up: template-upgrade wave3 reusability improvements,2026-05-17
Q-232,template-upgrade-3,4,security,M,"Add baseline security headers middleware at apps/api/app/middleware/security_headers.py setting HSTS, X-Frame-Options, X-Content-Type-Options, Referrer-Policy, and a strict default CSP with env override.",1. apps/api/app/middleware/security_headers.py sets all four headers and a configurable CSP | 2. apps/api/app/main.py registers the middleware | 3. apps/api/app/core/config.py exposes CSP_POLICY and SECURITY_HEADERS_ENABLED,,,,"apps/api/app/main.py,apps/api/app/core/config.py,skills/security/secure-defaults-review.md","apps/api/app/middleware/security_headers.py,apps/api/app/main.py,apps/api/app/core/config.py",make test,Q-231,follow-up: template-upgrade wave3 reusability improvements,2026-05-17
Q-233,template-upgrade-3,4,security,M,"Add baseline auth audit log middleware at apps/api/app/middleware/audit_log.py that emits structured JSON log lines for login, logout, password-change, and 401/403 responses so every product ships with auditability.",1. apps/api/app/middleware/audit_log.py logs auth events as JSON to stdout | 2. apps/api/app/main.py registers the middleware after rate-limit and security headers | 3. apps/api/app/core/config.py exposes AUDIT_LOG_ENABLED toggle,,,,"apps/api/app/main.py,apps/api/app/core/config.py,skills/backend/structured-logging.md","apps/api/app/middleware/audit_log.py,apps/api/app/main.py,apps/api/app/core/config.py",make test,Q-232,follow-up: template-upgrade wave3 reusability improvements,2026-05-17
Q-101,mvp-1,1,infrastructure,S,"Stand up DeviceLab local-first runtime entrypoint with localhost-only control plane defaults.","1. Local startup path for API/web/MCP is documented and runnable | 2. Control plane binds to localhost by default | 3. Queue row leaves no product feature implementation","-","","-","docs/operations/deployment.md,spec/spec.md","compose.yml,README.md","python scripts/repo_self_audit.py","","seeded-by-init","2026-05-17"
Q-102,mvp-1,2,infrastructure,S,"Add AWS BYOC account connection and preflight endpoint skeletons with clear failure reporting contracts.","1. Cloud account connect and preflight API contracts are implemented | 2. IAM quota and region failures return actionable errors | 3. Docs for preflight remediation are updated","-","","-","docs/api/endpoints.md,docs/architecture/overview.md","apps/api/app/api/routes/cloud_accounts.py,docs/api/endpoints.md","python scripts/repo_self_audit.py","Q-101","seeded-by-init","2026-05-17"
Q-103,mvp-1,3,documentation,S,"Implement first-run wizard flow in UI navigation and documentation with MCP config copy steps.","1. Wizard flow covers credentials region preflight bootstrap and first device steps | 2. MCP config copy or deeplink step is present | 3. User can reach first runnable path from docs","-","","-","docs/architecture/overview.md,docs/operations/deployment.md","apps/web/src/routes/index.tsx,docs/operations/deployment.md","python scripts/repo_self_audit.py","Q-102","seeded-by-init","2026-05-17"
Q-104,mvp-2,1,infrastructure,M,"Deliver Linux device family template and lifecycle orchestration as the first executable family.","1. Linux template is selectable and provisionable | 2. Lifecycle states and phase updates are emitted | 3. Stream session can be opened for a ready Linux device","-","","-","docs/architecture/bounded-contexts.md,docs/architecture/data-model.md","apps/api/app/services/device_lifecycle.py,apps/api/app/models.py,apps/api/tests/test_linux_lifecycle.py","python scripts/repo_self_audit.py","Q-103","seeded-by-init","2026-05-17"
Q-105,mvp-2,2,devops,M,"Deliver Browser family baseline via Playwright-backed runtime adapter and stream or session parity hooks.","1. Browser family appears in template catalog | 2. Browser device sessions can be created and interacted with | 3. Capability map distinguishes browser-specific actions","-","","-","docs/api/endpoints.md,docs/architecture/bounded-contexts.md","apps/api/app/adapters/browser_adapter.py,apps/api/app/services/device_lifecycle.py,apps/api/tests/test_browser_family.py","python scripts/repo_self_audit.py","Q-104","seeded-by-init","2026-05-17"
Q-106,mvp-3,1,core-api,M,"Implement MCP capability handshake and per-device filtered tool manifest generation.","1. MCP clients receive per-device and per-permission tool manifests | 2. Unsupported family actions are omitted | 3. Handshake metadata includes protocol and permission mode","-","","-","docs/api/endpoints.md,docs/architecture/auth.md","apps/api/app/mcp/gateway.py,apps/api/app/mcp/capabilities.py,apps/api/tests/test_mcp_handshake.py","python scripts/repo_self_audit.py","Q-105","seeded-by-init","2026-05-17"
Q-107,mvp-3,2,core-api,M,"Implement structured observation tiers with screen versioning and deterministic observation envelopes.","1. Observation APIs return screen_version and tier metadata | 2. AX and OCR first ordering is enforced | 3. Observation deltas can be computed between versions","-","","-","docs/architecture/overview.md,docs/api/endpoints.md","apps/api/app/services/observation_hub.py,apps/api/app/models.py,apps/api/tests/test_observe_envelope.py","python scripts/repo_self_audit.py","Q-106","seeded-by-init","2026-05-17"
Q-108,mvp-3,3,core-api,M,"Implement semantic interaction and form tools including run_steps batching and optimistic screen guards.","1. interact or forms tools execute semantic actions | 2. run_steps batches multiple actions in one RPC | 3. Expected screen version mismatches return structured conflict errors","-","","-","docs/api/error-codes.md,docs/architecture/auth.md","apps/api/app/mcp/tools_interact.py,apps/api/app/services/action_executor.py,apps/api/tests/test_semantic_actions.py","python scripts/repo_self_audit.py","Q-107","seeded-by-init","2026-05-17"
Q-109,mvp-4,1,core-api,M,"Implement recipe execution and initial recording pipeline with YAML contract validation.","1. Recipes can be created and executed with typed inputs | 2. Recording produces replayable recipe artifacts | 3. Run status and outputs are queryable via API","-","","-","docs/testing/strategy.md,docs/architecture/data-model.md","apps/api/app/services/recipe_runner.py,apps/api/app/api/routes/recipes.py,apps/api/tests/test_recipe_runner.py","python scripts/repo_self_audit.py","Q-108","seeded-by-init","2026-05-17"
Q-110,mvp-4,2,security,M,"Implement Identity Broker secret references and MCP elicitation-gated secret injection flow.","1. Secret references resolve via OS keychain backend | 2. Raw secret values are never returned to MCP clients | 3. Secret injections are audited and permission scoped","-","","-","docs/architecture/auth.md,docs/security/threat-model.md","apps/api/app/services/identity_broker.py,apps/api/app/mcp/tools_identity.py,apps/api/tests/test_secret_injection.py","python scripts/repo_self_audit.py","Q-109","seeded-by-init","2026-05-17"
Q-111,mvp-4,3,infrastructure,M,"Implement stream and input split for interactive sessions with low-latency input data channel support.","1. Streaming path supports media and separate input channel | 2. Input latency telemetry is recorded | 3. Session reconnect path preserves action continuity","-","","-","docs/architecture/overview.md,docs/testing/strategy.md","apps/api/app/services/stream_gateway.py,apps/api/app/services/session_manager.py,apps/api/tests/test_stream_input_split.py","python scripts/repo_self_audit.py","Q-110","seeded-by-init","2026-05-17"
Q-112,mvp-5,1,security,S,"Implement cost guardrail policy enforcement with soft and hard caps on lifecycle actions.","1. Cost caps are evaluated before expensive actions | 2. Hard cap violations block requests with explicit errors | 3. Guardrail events are visible in status or audit streams","-","","-","docs/security/threat-model.md,docs/api/error-codes.md","apps/api/app/services/cost_guardrails.py,apps/api/tests/test_cost_caps.py","python scripts/repo_self_audit.py","Q-111","seeded-by-init","2026-05-17"
Q-113,mvp-5,2,core-api,M,"Implement snapshot and fork workflows across supported families using async status polling endpoints.","1. snapshot_start and snapshot_status are available | 2. fork from snapshot is supported where family permits | 3. Unsupported family paths return explicit capability errors","-","","-","docs/api/endpoints.md,docs/architecture/data-model.md","apps/api/app/api/routes/snapshots.py,apps/api/app/services/snapshot_manager.py,apps/api/tests/test_snapshot_flow.py","python scripts/repo_self_audit.py","Q-112","seeded-by-init","2026-05-17"
Q-114,mvp-5,3,testing,M,"Deliver test runner and artifact bundle outputs with JUnit and optional Allure metadata for device runs.","1. Test runs emit JUnit artifact by default | 2. Artifact manifest includes logs screenshots and diagnostics | 3. Retrieval endpoint exposes run artifacts","-","","-","docs/testing/strategy.md,docs/api/endpoints.md","apps/api/app/services/test_runner.py,apps/api/app/api/routes/test_runs.py,apps/api/tests/test_test_run_artifacts.py","python scripts/repo_self_audit.py","Q-113","seeded-by-init","2026-05-17"
Q-115,mvp-5,4,devops,M,"Implement evidence and replay persistence for MCP calls with before and after observation linkage.","1. Each MCP action stores evidence record with version delta | 2. Replay timeline API returns ordered call history | 3. Retention policy can purge expired evidence safely","-","","-","docs/architecture/data-model.md,docs/testing/strategy.md","apps/api/app/services/evidence_store.py,apps/api/app/api/routes/replay.py,apps/api/tests/test_evidence_replay.py","python scripts/repo_self_audit.py","Q-114","seeded-by-init","2026-05-17"
Q-116,mvp-6,1,infrastructure,M,"Implement versioned adapter plugin SPI for external device family and cloud integrations.","1. Plugin registration and compatibility checks are implemented | 2. Adapter capability declarations feed template and MCP manifests | 3. ABI version mismatch fails with explicit error","-","","-","docs/architecture/bounded-contexts.md,spec/spec.md","apps/api/app/plugins/spi.py,apps/api/app/plugins/loader.py,apps/api/tests/test_plugin_spi.py","python scripts/repo_self_audit.py","Q-115","seeded-by-init","2026-05-17"
Q-117,ops-questions,1,human-ops,S,"Resolve open question: Tauri shell timing for initial roadmap.","1. Decision recorded in docs/open-questions.md with rationale | 2. Any impacted queue rows are updated | 3. Decision status marked resolved","-","","-","idea.md,docs/open-questions.md","docs/open-questions.md","","","blocked_by: open_question","2026-05-17"
Q-118,ops-questions,2,human-ops,S,"Resolve open question: runtime agent language Go vs Rust decision.","1. Decision recorded in docs/open-questions.md with rationale | 2. If needed ADR is added for runtime language | 3. Dependent queue rows are aligned","-","","-","idea.md,docs/open-questions.md","docs/open-questions.md","","","blocked_by: open_question","2026-05-17"
Q-119,ops-questions,3,human-ops,S,"Resolve open question: default local VLM policy when enabled.","1. Decision recorded in docs/open-questions.md with rationale | 2. Cost safety implications are documented | 3. Dependent queue rows are aligned","-","","-","idea.md,docs/open-questions.md","docs/open-questions.md","","","blocked_by: open_question","2026-05-17"
Q-120,ops-questions,4,human-ops,S,"Resolve open question: Browser family v1 backend scope including WebDriver BiDi timing.","1. Decision recorded in docs/open-questions.md with rationale | 2. Browser roadmap rows updated accordingly | 3. Decision status marked resolved","-","","-","idea.md,docs/open-questions.md","docs/open-questions.md","","","blocked_by: open_question","2026-05-17"
Q-121,ops-questions,5,human-ops,S,"Resolve open question: warm pool default policy by family or template.","1. Decision recorded in docs/open-questions.md with rationale | 2. Capacity and cost implications noted | 3. Decision status marked resolved","-","","-","idea.md,docs/open-questions.md","docs/open-questions.md","","","blocked_by: open_question","2026-05-17"
Q-122,ops-questions,6,human-ops,S,"Resolve open question: recipe recorder fidelity scope for v1 across families.","1. Decision recorded in docs/open-questions.md with rationale | 2. Recording roadmap rows updated | 3. Decision status marked resolved","-","","-","idea.md,docs/open-questions.md","docs/open-questions.md","","","blocked_by: open_question","2026-05-17"
Q-123,ops-questions,7,human-ops,S,"Resolve open question: optional Vault plugin timing v1 vs v2.","1. Decision recorded in docs/open-questions.md with rationale | 2. Security integration implications documented | 3. Decision status marked resolved","-","","-","idea.md,docs/open-questions.md","docs/open-questions.md","","","blocked_by: open_question","2026-05-17"
Q-124,ops-questions,8,human-ops,S,"Resolve open question: OpenTelemetry exporter default wiring policy.","1. Decision recorded in docs/open-questions.md with rationale | 2. Ops docs and queue dependencies updated | 3. Decision status marked resolved","-","","-","idea.md,docs/open-questions.md","docs/open-questions.md","","","blocked_by: open_question","2026-05-17"
Q-125,ops-questions,9,human-ops,S,"Resolve open question: mTLS certificate lifecycle ownership model.","1. Decision recorded in docs/open-questions.md with rationale | 2. Security docs updated if trust boundary changes | 3. Decision status marked resolved","-","","-","idea.md,docs/open-questions.md","docs/open-questions.md","","","blocked_by: open_question","2026-05-17"
Q-126,ops-questions,10,human-ops,S,"Resolve open question: AWS multi-account AssumeRole timing for roadmap.","1. Decision recorded in docs/open-questions.md with rationale | 2. Queue sequencing updated for account model | 3. Decision status marked resolved","-","","-","idea.md,docs/open-questions.md","docs/open-questions.md","","","blocked_by: open_question","2026-05-17"
